Title,Content,Time,sentiment,subdomain,time
Alumina Signs Binding Agreement on $2.2 Billion Alcoa Takeover,Alumina said its independent nonexecutive directors and CEO recommend shareholders vote in favor of the proposed takeover.,,1,Banking,2024-03-11 22:13:25
Incident on Latam Flight Injures Dozens Aboard Boeing 787 Dreamliner,The Chilean airline says the jet experienced ‘a strong movement’ during a trip from Sydney to Auckland. First responders treated about 50 people.,2024-03-11 17:10,5,Healthcare,2024-03-10 22:13:25
Behind the Alaska Blowout: a Manufacturing Habit Boeing Can’t Break,Snafus in production mean work gets completed out of sequence. “It creates opportunities for failure.”,2024-03-11 15:10,5,Banking,2024-03-09 22:13:25
"East Coast, Gulf Coast Dockworker Talks are Starting Under Threat of a Strike",The International Longshoremen’s Association is seeking to build on strong wage gains other transportation unions have won. The dockworkers’ union is already threatening a strike.,2024-03-11 15:10,1,Banking,2024-03-08 22:13:25
"For CFOs Tackling Weakened SEC Climate Rule, Cost Challenges Persist",Some companies could face difficulties in obtaining a high level of assurance around greenhouse-gas emissions.,2024-03-11 13:10,4,Banking,2024-03-07 22:13:25
EQT and Equitrans Midstream to Combine in Big Natural-Gas Deal,The all-stock transaction will reunite EQT with its former pipeline business.,2024-03-11 07:10,4,Healthcare,2024-03-06 22:13:25
It Isn’t Just Big Tech Propelling Gains in the Stock Market Anymore,A broader group of companies has fueled the recent climb to records.,2024-03-11 00:10,3,Banking,2024-03-05 22:13:25
What You Need to Know About Gold’s Curious Rally,An odd cocktail of factors is spurring the haven asset to records.,2024-03-11 17:10,3,Banking,2024-03-04 22:13:25
Eighty Percent of the World’s Stock Options Aren’t Traded Where You Think,Bitcoin and GameStop made headlines. But an even wilder speculative mania has emerged in India.,2024-03-11 07:10,4,Healthcare,2024-03-03 22:13:25
EQT and Equitrans Midstream to Combine in Big Natural-Gas Deal,The all-stock transaction will reunite EQT with its former pipeline business.,2024-03-11 07:10,1,Healthcare,2024-03-02 22:13:25
Advance Auto Parts Strikes Settlement With Dan Loeb’s Third Point,The company will add three new directors to its board.,2024-03-11 18:10,2,Banking,2024-03-01 22:13:25
S&P 500 Slips Ahead of Key Inflation Data,The benchmark stock index edged down 0.1% but remained within 1% of its record. Tuesday’s report on the consumer-price index could shed light on when the Fed might start cutting interest rates.,2024-03-11 17:10,5,Banking,2024-02-29 22:13:25
Miami’s Office Market Was Red-Hot. Now Its Tallest Planned Tower Can’t Fill Its Space.,"The 1,000-foot project under construction is still searching for an anchor tenant.",2024-03-11 06:10,2,Healthcare,2024-02-28 22:13:25
A $400 Million Bet Says This Is the Mall of the Future,"Pickleball, luxury apartments, a hotel and more are breathing new life into America’s oldest mall.",,1,Banking,2024-02-27 22:13:25
A Mistake in a Tesla and a Panicked Final Call: The Death of Angela Chao,What happened on a remote Texas ranch in a billionaire shipping scion’s final hours.,,4,Banking,2024-02-26 22:13:25
How Do Two Townhouses Become One $75 Million Mansion? ‘It’s Like a Puzzle.’,"A New York City developer chronicles the complicated task of combining two Manhattan walkups into a single, 42-foot-wide residence.",,5,Healthcare,2024-02-25 22:13:25
A $120 Million Penthouse Will Become the Miami Area’s Most Expensive Home,"The oceanfront condo spanning about 10,500 square feet is located at the Shore Club in Miami Beach.",,5,Banking,2024-02-24 22:13:25
This Architect Could’ve Lived ‘High Above the Clouds.’ Instead He Chose Community.,"Eran Chen brings us inside his New York loft, which he divided into four distinct zones—including a leafy indoor garden.",,2,Banking,2024-02-23 22:13:25
Alumina Signs Binding Agreement on $2.2 Billion Alcoa Takeover,Alumina said its independent nonexecutive directors and CEO recommend shareholders vote in favor of the proposed takeover.,,1,Banking,2024-02-22 22:13:25
Incident on Latam Flight Injures Dozens Aboard Boeing 787 Dreamliner,The Chilean airline says the jet experienced ‘a strong movement’ during a trip from Sydney to Auckland. First responders treated about 50 people.,2024-03-11 17:10,3,Healthcare,2024-02-21 22:13:25
Behind the Alaska Blowout: a Manufacturing Habit Boeing Can’t Break,Snafus in production mean work gets completed out of sequence. “It creates opportunities for failure.”,2024-03-11 15:10,2,Banking,2024-02-20 22:13:25
"East Coast, Gulf Coast Dockworker Talks are Starting Under Threat of a Strike",The International Longshoremen’s Association is seeking to build on strong wage gains other transportation unions have won. The dockworkers’ union is already threatening a strike.,2024-03-11 15:10,1,Healthcare,2024-02-19 22:13:25
"For CFOs Tackling Weakened SEC Climate Rule, Cost Challenges Persist",Some companies could face difficulties in obtaining a high level of assurance around greenhouse-gas emissions.,2024-03-11 13:10,2,Healthcare,2024-02-18 22:13:25
EQT and Equitrans Midstream to Combine in Big Natural-Gas Deal,The all-stock transaction will reunite EQT with its former pipeline business.,2024-03-11 07:10,3,Banking,2024-02-17 22:13:25
It Isn’t Just Big Tech Propelling Gains in the Stock Market Anymore,A broader group of companies has fueled the recent climb to records.,2024-03-11 00:10,5,Healthcare,2024-02-16 22:13:25
What You Need to Know About Gold’s Curious Rally,An odd cocktail of factors is spurring the haven asset to records.,2024-03-11 17:10,3,Banking,2024-02-15 22:13:25
Eighty Percent of the World’s Stock Options Aren’t Traded Where You Think,Bitcoin and GameStop made headlines. But an even wilder speculative mania has emerged in India.,2024-03-11 07:10,5,Healthcare,2024-02-14 22:13:25
EQT and Equitrans Midstream to Combine in Big Natural-Gas Deal,The all-stock transaction will reunite EQT with its former pipeline business.,2024-03-11 07:10,4,Banking,2024-02-13 22:13:25
Advance Auto Parts Strikes Settlement With Dan Loeb’s Third Point,The company will add three new directors to its board.,2024-03-11 18:10,3,Healthcare,2024-02-12 22:13:25
S&P 500 Slips Ahead of Key Inflation Data,The benchmark stock index edged down 0.1% but remained within 1% of its record. Tuesday’s report on the consumer-price index could shed light on when the Fed might start cutting interest rates.,2024-03-11 17:10,5,Healthcare,2024-02-11 22:13:25
Miami’s Office Market Was Red-Hot. Now Its Tallest Planned Tower Can’t Fill Its Space.,"The 1,000-foot project under construction is still searching for an anchor tenant.",2024-03-11 06:10,2,Banking,2024-02-10 22:13:25
A $400 Million Bet Says This Is the Mall of the Future,"Pickleball, luxury apartments, a hotel and more are breathing new life into America’s oldest mall.",,2,Banking,2024-02-09 22:13:25
A Mistake in a Tesla and a Panicked Final Call: The Death of Angela Chao,What happened on a remote Texas ranch in a billionaire shipping scion’s final hours.,,1,Banking,2024-02-08 22:13:25
How Do Two Townhouses Become One $75 Million Mansion? ‘It’s Like a Puzzle.’,"A New York City developer chronicles the complicated task of combining two Manhattan walkups into a single, 42-foot-wide residence.",,2,Healthcare,2024-02-07 22:13:25
A $120 Million Penthouse Will Become the Miami Area’s Most Expensive Home,"The oceanfront condo spanning about 10,500 square feet is located at the Shore Club in Miami Beach.",,3,Healthcare,2024-02-06 22:13:25
This Architect Could’ve Lived ‘High Above the Clouds.’ Instead He Chose Community.,"Eran Chen brings us inside his New York loft, which he divided into four distinct zones—including a leafy indoor garden.",,1,Banking,2024-02-05 22:13:25
Alumina Signs Binding Agreement on $2.2 Billion Alcoa Takeover,Alumina said its independent nonexecutive directors and CEO recommend shareholders vote in favor of the proposed takeover.,,4,Healthcare,2024-02-04 22:13:25
Incident on Latam Flight Injures Dozens Aboard Boeing 787 Dreamliner,The Chilean airline says the jet experienced ‘a strong movement’ during a trip from Sydney to Auckland. First responders treated about 50 people.,2024-03-11 17:10,3,Healthcare,2024-02-03 22:13:25
Behind the Alaska Blowout: a Manufacturing Habit Boeing Can’t Break,Snafus in production mean work gets completed out of sequence. “It creates opportunities for failure.”,2024-03-11 15:10,3,Banking,2024-02-02 22:13:25
"East Coast, Gulf Coast Dockworker Talks are Starting Under Threat of a Strike",The International Longshoremen’s Association is seeking to build on strong wage gains other transportation unions have won. The dockworkers’ union is already threatening a strike.,2024-03-11 15:10,4,Healthcare,2024-02-01 22:13:25
"For CFOs Tackling Weakened SEC Climate Rule, Cost Challenges Persist",Some companies could face difficulties in obtaining a high level of assurance around greenhouse-gas emissions.,2024-03-11 13:10,3,Banking,2024-01-31 22:13:25
EQT and Equitrans Midstream to Combine in Big Natural-Gas Deal,The all-stock transaction will reunite EQT with its former pipeline business.,2024-03-11 07:10,2,Healthcare,2024-01-30 22:13:25
It Isn’t Just Big Tech Propelling Gains in the Stock Market Anymore,A broader group of companies has fueled the recent climb to records.,2024-03-11 00:10,1,Healthcare,2024-01-29 22:13:25
What You Need to Know About Gold’s Curious Rally,An odd cocktail of factors is spurring the haven asset to records.,2024-03-11 17:10,5,Banking,2024-01-28 22:13:25
Eighty Percent of the World’s Stock Options Aren’t Traded Where You Think,Bitcoin and GameStop made headlines. But an even wilder speculative mania has emerged in India.,2024-03-11 07:10,1,Healthcare,2024-01-27 22:13:25
EQT and Equitrans Midstream to Combine in Big Natural-Gas Deal,The all-stock transaction will reunite EQT with its former pipeline business.,2024-03-11 07:10,3,Banking,2024-01-26 22:13:25
Advance Auto Parts Strikes Settlement With Dan Loeb’s Third Point,The company will add three new directors to its board.,2024-03-11 18:10,5,Banking,2024-01-25 22:13:25
S&P 500 Slips Ahead of Key Inflation Data,The benchmark stock index edged down 0.1% but remained within 1% of its record. Tuesday’s report on the consumer-price index could shed light on when the Fed might start cutting interest rates.,2024-03-11 17:10,3,Healthcare,2024-01-24 22:13:25
Miami’s Office Market Was Red-Hot. Now Its Tallest Planned Tower Can’t Fill Its Space.,"The 1,000-foot project under construction is still searching for an anchor tenant.",2024-03-11 06:10,2,Healthcare,2024-01-23 22:13:25
A $400 Million Bet Says This Is the Mall of the Future,"Pickleball, luxury apartments, a hotel and more are breathing new life into America’s oldest mall.",,3,Banking,2024-01-22 22:13:25
A Mistake in a Tesla and a Panicked Final Call: The Death of Angela Chao,What happened on a remote Texas ranch in a billionaire shipping scion’s final hours.,,2,Healthcare,2024-01-21 22:13:25
How Do Two Townhouses Become One $75 Million Mansion? ‘It’s Like a Puzzle.’,"A New York City developer chronicles the complicated task of combining two Manhattan walkups into a single, 42-foot-wide residence.",,3,Healthcare,2024-01-20 22:13:25
A $120 Million Penthouse Will Become the Miami Area’s Most Expensive Home,"The oceanfront condo spanning about 10,500 square feet is located at the Shore Club in Miami Beach.",,2,Banking,2024-01-19 22:13:25
This Architect Could’ve Lived ‘High Above the Clouds.’ Instead He Chose Community.,"Eran Chen brings us inside his New York loft, which he divided into four distinct zones—including a leafy indoor garden.",,3,Healthcare,2024-01-18 22:13:25
Alumina Signs Binding Agreement on $2.2 Billion Alcoa Takeover,Alumina said its independent nonexecutive directors and CEO recommend shareholders vote in favor of the proposed takeover.,,1,Banking,2024-01-17 22:13:25
Incident on Latam Flight Injures Dozens Aboard Boeing 787 Dreamliner,The Chilean airline says the jet experienced ‘a strong movement’ during a trip from Sydney to Auckland. First responders treated about 50 people.,2024-03-11 17:10,3,Healthcare,2024-01-16 22:13:25
Behind the Alaska Blowout: a Manufacturing Habit Boeing Can’t Break,Snafus in production mean work gets completed out of sequence. “It creates opportunities for failure.”,2024-03-11 15:10,3,Banking,2024-01-15 22:13:25
"East Coast, Gulf Coast Dockworker Talks are Starting Under Threat of a Strike",The International Longshoremen’s Association is seeking to build on strong wage gains other transportation unions have won. The dockworkers’ union is already threatening a strike.,2024-03-11 15:10,1,Healthcare,2024-01-14 22:13:25
"For CFOs Tackling Weakened SEC Climate Rule, Cost Challenges Persist",Some companies could face difficulties in obtaining a high level of assurance around greenhouse-gas emissions.,2024-03-11 13:10,2,Healthcare,2024-01-13 22:13:25
EQT and Equitrans Midstream to Combine in Big Natural-Gas Deal,The all-stock transaction will reunite EQT with its former pipeline business.,2024-03-11 07:10,1,Healthcare,2024-01-12 22:13:25
It Isn’t Just Big Tech Propelling Gains in the Stock Market Anymore,A broader group of companies has fueled the recent climb to records.,2024-03-11 00:10,1,Banking,2024-01-11 22:13:25
What You Need to Know About Gold’s Curious Rally,An odd cocktail of factors is spurring the haven asset to records.,2024-03-11 17:10,3,Healthcare,2024-01-10 22:13:25
Eighty Percent of the World’s Stock Options Aren’t Traded Where You Think,Bitcoin and GameStop made headlines. But an even wilder speculative mania has emerged in India.,2024-03-11 07:10,3,Healthcare,2024-01-09 22:13:25
EQT and Equitrans Midstream to Combine in Big Natural-Gas Deal,The all-stock transaction will reunite EQT with its former pipeline business.,2024-03-11 07:10,2,Healthcare,2024-01-08 22:13:25
Advance Auto Parts Strikes Settlement With Dan Loeb’s Third Point,The company will add three new directors to its board.,2024-03-11 18:10,2,Banking,2024-01-07 22:13:25
S&P 500 Slips Ahead of Key Inflation Data,The benchmark stock index edged down 0.1% but remained within 1% of its record. Tuesday’s report on the consumer-price index could shed light on when the Fed might start cutting interest rates.,2024-03-11 17:10,5,Banking,2024-01-06 22:13:25
Miami’s Office Market Was Red-Hot. Now Its Tallest Planned Tower Can’t Fill Its Space.,"The 1,000-foot project under construction is still searching for an anchor tenant.",2024-03-11 06:10,1,Banking,2024-01-05 22:13:25
A $400 Million Bet Says This Is the Mall of the Future,"Pickleball, luxury apartments, a hotel and more are breathing new life into America’s oldest mall.",,5,Banking,2024-01-04 22:13:25
A Mistake in a Tesla and a Panicked Final Call: The Death of Angela Chao,What happened on a remote Texas ranch in a billionaire shipping scion’s final hours.,,3,Healthcare,2024-01-03 22:13:25
How Do Two Townhouses Become One $75 Million Mansion? ‘It’s Like a Puzzle.’,"A New York City developer chronicles the complicated task of combining two Manhattan walkups into a single, 42-foot-wide residence.",,2,Banking,2024-01-02 22:13:25
A $120 Million Penthouse Will Become the Miami Area’s Most Expensive Home,"The oceanfront condo spanning about 10,500 square feet is located at the Shore Club in Miami Beach.",,2,Healthcare,2024-01-01 22:13:25
This Architect Could’ve Lived ‘High Above the Clouds.’ Instead He Chose Community.,"Eran Chen brings us inside his New York loft, which he divided into four distinct zones—including a leafy indoor garden.",,4,Healthcare,2023-12-31 22:13:25
