Title,Time,Link,Subdomain,Sentiment
Activist Politan Plans Second Proxy Battle at Masimo,2024-03-24 19:42,https://www.wsj.com/business/deals/activist-politan-plans-second-proxy-battle-at-masimo-dc212962?mod=business_lead_story,Business,0
NBC’s Chuck Todd Blasts Network as Backlash to Hiring Ex-RNC Chief Grows,2024-03-24 14:42,https://www.wsj.com/business/media/msnbc-has-no-plans-to-have-ex-rnc-chief-on-network-0d88e70c?mod=business_lead_pos1,Business,0
Big Tech’s Latest Obsession Is Finding Enough Energy,2024-03-24 07:42,https://www.wsj.com/business/energy-oil/big-techs-latest-obsession-is-finding-enough-energy-f00055b2?mod=business_lead_pos2,Business,2
A Brazen Yogurt Heist Shows How Cyber Gangs Are Hijacking U.S. Goods,2024-03-24 07:42,https://www.wsj.com/business/logistics/a-brazen-yogurt-heist-shows-how-cyber-gangs-are-hijacking-u-s-goods-7a8c1843?mod=business_lead_pos3,Business,0
Netflix’s Co-CEOs Are Nothing Alike. That’s a Good Thing.,2024-03-24 05:42,https://www.wsj.com/business/media/the-odd-couple-steering-netflix-through-a-comeback-3e0c0be0?mod=business_lead_pos4,Business,2
"Elon Musk’s X Needs Creators, but They Don’t Need X",2024-03-24 05:42,https://www.wsj.com/business/media/elon-musk-x-content-creators-recruitment-f104dc77?mod=business_lead_pos5,Business,2
Bernie Sanders Tries to Legislate Leisure,2024-03-24 14:42,https://www.wsj.com/articles/bernie-sanders-tries-to-legislate-leisure-32-hour-workweek-2625db0f?mod=business_trendingnow_opn_pos1,Articles,0
AI Will Mean Cheaper Food,2024-03-24 14:42,https://www.wsj.com/articles/ai-will-mean-cheaper-food-more-efficient-farms-logistics-fertilizer-water-929556a3?mod=business_trendingnow_opn_pos2,Articles,2
The Lost Era of Reliability,2024-03-24 14:42,https://www.wsj.com/articles/the-lost-era-of-reliability-media-politicians-technology-0384b4e6?mod=business_trendingnow_opn_pos3,Articles,0
California’s Nationwide EV Coercion,2024-03-24 14:42,https://www.wsj.com/articles/california-electric-vehicles-stellantis-gavin-newsom-41a08470?mod=business_trendingnow_opn_pos4,Articles,0
Patient of Elon Musk’s Neuralink Shows Off New Life With Implant,2024-03-23 00:00,https://www.wsj.com/us-news/patient-of-elon-musks-neuralink-shows-off-new-life-with-implant-200f9d2e?mod=business_trendingnow_article_pos3,Politics,3
Jack Daniel’s Flowed During the Pandemic. Now Comes the Hangover.,2024-03-23 00:00,https://www.wsj.com/business/retail/jack-daniels-flowed-during-the-pandemic-now-comes-the-hangover-e72754ec?mod=business_trendingnow_article_pos5,Business,0
Attack on Russian Concert Hall Threatens Putin’s Strongman Image,2024-03-24 14:42,https://www.wsj.com/world/russia/attack-on-russian-concert-hall-threatens-putinsstrongman-image-029854fd?mod=business_whatsnews_pos1,Politics,0
Mike Johnson Can’t Run the House Without Democrats’ Help,2024-03-24 05:42,https://www.wsj.com/politics/why-mike-johnson-cant-run-the-house-without-democrats-help-a9f5dd23?mod=business_whatsnews_pos2,Politics,0
The $27 Trillion Treasury Market Is Only Getting Bigger,2024-03-24 05:42,https://www.wsj.com/finance/the-27-trillion-treasury-market-is-only-getting-bigger-a9a9d170?mod=business_whatsnews_pos3,Finance,3
A Lawyer Abandoned Family and Career to Follow the Voices in His Head,2024-03-23 21:42,https://www.wsj.com/us-news/homeless-california-mental-illness-care-court-f63d2027?mod=business_whatsnews_pos4,Politics,0
Here’s What Retirement Looks Like for Single Women in America,2024-03-23 21:42,https://www.wsj.com/personal-finance/retirement-single-woman-finances-02493af3?mod=business_whatsnews_pos5,Finance,2
The Wacky Negative Interest-Rate Experiment Ends With a Thud,2024-03-23 00:00,https://www.wsj.com/economy/central-banking/the-wacky-negative-interest-rate-experiment-ends-with-a-thud-ae3084ed?mod=finance_lead_story,Economy,0
Surge in Home Prices Draws Eager House Flippers,2024-03-23 00:00,https://www.wsj.com/economy/housing/surge-in-home-prices-draws-eager-house-flippers-2836fe46?mod=finance_lead_pos1,Economy,2
What’s Next for Gold? Look to China for Clues,2024-03-24 10:42,https://www.wsj.com/finance/commodities-futures/whats-next-for-gold-look-to-china-for-clues-a0ef2447?mod=finance_lead_pos2,Finance,2
NYCB and Meridian Rode the Property Boom Together. Now They’re Struggling.,2024-03-24 05:42,https://www.wsj.com/finance/banking/nycb-meridian-trouble-commercial-real-estate-86ae7a34?mod=finance_lead_pos4,Finance,0
ESG Investing Might Never Recover,2024-03-24 05:42,https://www.wsj.com/finance/investing/why-esg-investing-might-never-recover-7aa9e7c9?mod=finance_lead_pos5,Finance,0
Powell on Recent Inflation: ‘Are They More Than Bumps?’,2024-03-24 14:42,https://www.wsj.com/articles/jerome-powell-bumps-inflation-monthly-price-increases-bde74e4b?mod=finance_trendingnow_opn_pos1,Articles,2
Understanding the Boeing Mess,2024-03-24 14:42,https://www.wsj.com/articles/understanding-the-boeing-mess-differences-between-737-max-crashes-media-bias-04127658?mod=finance_trendingnow_opn_pos2,Articles,0
Elizabeth Warren’s Latest Anti-Merger Stand,2024-03-24 14:42,https://www.wsj.com/articles/senator-warrens-latest-anti-merger-blabber-capital-one-discover-e7d9a5e6?mod=finance_trendingnow_opn_pos3,Articles,0
Uncle Sam’s Guide to Peace and Prosperity,2024-03-24 14:42,https://www.wsj.com/articles/uncle-sams-guide-to-peace-and-prosperity-global-security-economy-5f648a83?mod=finance_trendingnow_opn_pos4,Articles,2
Why Do Superrich Buyers Want to Live Inside This New York Parking Garage?,2024-03-22 00:00,https://www.wsj.com/real-estate/luxury-homes/new-york-city-parking-garage-luxury-condos-42441396?mod=real-estate_lead_story,Real-Estate,0
This House Is Not Like the Others: ‘Unusual’ Manchester-by-the-Sea Home Hits the Market,2024-03-22 00:00,https://www.wsj.com/real-estate/luxury-homes/unusual-manchester-by-the-sea-home-hits-the-market-46ef5f77?mod=real-estate_lead_pos1,Real-Estate,2
Compass Agrees to Pay $57.5 Million to Settle Antitrust Claims,2024-03-22 00:00,https://www.wsj.com/real-estate/real-estate-broker-compass-agrees-to-pay-57-5-million-to-settle-antitrust-claims-be5e1177?mod=real-estate_lead_pos2,Real-Estate,0
Why Your Septic System Will Not Be Ignored,2024-03-21 00:00,https://www.wsj.com/real-estate/why-your-septic-system-will-not-be-ignored-d0b534c1?mod=real-estate_lead_pos3,Real-Estate,2
These Empty Nesters Said ‘Never Again’ to a Home Renovation. Then They Spent $7 Million.,2024-03-21 00:00,https://www.wsj.com/real-estate/luxury-homes/minneapolis-loft-renovation-9a07e7bc?mod=real-estate_lead_pos4,Real-Estate,0
Olympic Luger-Turned-Developer Lists Extravagant Lake Placid Estate,2024-03-20 00:00,https://www.wsj.com/real-estate/luxury-homes/lake-placid-estate-lists-for-28-5-million-c27a51de?mod=real-estate_lead_pos5,Real-Estate,0
U.S. Housing Prices and the War on Realtors,2024-03-19 00:00,https://www.wsj.com/articles/real-estate-home-buy-sell-realtor-97b39a67?mod=real-estate_trendingnow_opn_pos1,Articles,0
Glimmers of Election Hope in Chicago,2024-03-19 00:00,https://www.wsj.com/articles/chicago-real-estate-transfer-tax-referendum-brandon-johnson-chicago-teachers-union-bring-chicago-home-703dcc51?mod=real-estate_trendingnow_opn_pos2,Articles,2
The Realtors Stage a $418 Million Tactical Retreat,2024-03-19 00:00,https://www.wsj.com/articles/national-association-of-realtors-settlement-home-buyers-sellers-commission-6b85bb82?mod=real-estate_trendingnow_opn_pos3,Articles,0
Realtors Reckon With a Seismic Shift to How They Get Paid,2024-03-19 00:00,https://www.wsj.com/real-estate/realtors-reckon-with-a-seismic-shift-to-how-they-get-paid-f01e89ba?mod=real-estate_trendingnow_article_pos1,Real-Estate,2
A Mistake in a Tesla and a Panicked Final Call: The Death of Angela Chao,2024-03-09 00:00,https://www.wsj.com/real-estate/angela-chao-death-texas-tesla-safety-c435daa0?mod=real-estate_trendingnow_article_pos2,Real-Estate,0
EXCLUSIVEBillionaire Marc Andreessen Lists Silicon Valley Compound Following $250 Million Malibu Spending Spree,2024-03-18 00:00,https://www.wsj.com/real-estate/luxury-homes/billionaire-marc-andreessen-lists-silicon-valley-compound-following-250-million-malibu-spending-spree-bc88dea2?mod=real-estate_trendingnow_article_pos3,Real-Estate,1
America’s Office Fire Sale Has Barely Begun,2024-03-17 00:00,https://www.wsj.com/real-estate/commercial/americas-office-fire-sale-has-barely-begun-0c8d376f?mod=real-estate_trendingnow_article_pos4,Real-Estate,0
A Look Into the Future of Home Buyers’ Agent Commissions,2024-03-17 00:00,https://www.wsj.com/real-estate/a-look-into-the-future-of-home-buyers-agent-commissions-8377552b?mod=real-estate_trendingnow_article_pos5,Real-Estate,2
DS Smith in Takeover Talks With International Paper,2024-03-26 15:19,https://www.wsj.com/business/ds-smith-in-takeover-talks-with-international-paper-eb02a9a5?mod=business_lead_story,Business,2
Elon Musk Pushes to Increase Use of ‘Full Self-Driving’ Software as Tesla Sales Cool,2024-03-26 15:19,https://www.wsj.com/business/autos/tesla-pushes-to-increase-use-of-full-self-driving-software-as-vehicle-sales-cool-776b8f3d?mod=business_lead_pos1,Business,0
Latinos Are Starting U.S. Businesses at a Torrid Pace,2024-03-26 15:19,https://www.wsj.com/business/entrepreneurship/latinos-are-starting-u-s-businesses-at-a-torrid-pace-64773fc3?mod=business_lead_pos2,Business,3
BYD Net Profit Rises as It Overtakes Tesla as Top EV Seller,2024-03-26 12:19,https://www.wsj.com/business/earnings/byd-co-net-profit-rises-as-it-overtakes-tesla-as-top-ev-seller-b464c714?mod=business_lead_pos3,Business,3
Flutter Predicts Earnings Jump on U.S. Growth,2024-03-26 12:19,https://www.wsj.com/business/earnings/flutter-entertainment-pretax-loss-widens-despite-strong-growth-in-u-s-34b83673?mod=business_lead_pos4,Business,3
NBC News Discusses Future of Ronna McDaniel as Contributor,2024-03-26 12:19,https://www.wsj.com/business/media/ronna-mcdaniel-nbc-610d30bc?mod=business_lead_pos5,Business,0
Can We Power the EPA’s EV Fantasy?,2024-03-25 23:19,https://www.wsj.com/articles/can-we-power-the-epas-ev-fantasy-electrical-grid-energy-vehicles-a786d535?mod=business_trendingnow_opn_pos1,Articles,0
The C-Suite Cleanup at Boeing,2024-03-25 23:19,https://www.wsj.com/articles/boeing-ceo-david-calhoun-steps-down-airlines-government-business-78800f4f?mod=business_trendingnow_opn_pos2,Articles,0
"Buy American, Build Nothing",2024-03-25 23:19,https://www.wsj.com/articles/buy-american-build-nothing-infrastructure-bill-requirements-complicate-construction-941e0694?mod=business_trendingnow_opn_pos3,Articles,0
Biden Wants to Put AI on a Leash,2024-03-25 23:19,https://www.wsj.com/articles/biden-wants-to-put-artificial-intelligence-on-a-leash-progressive-regulation-45275102?mod=business_trendingnow_opn_pos4,Articles,0
Rachel Maddow Joins Growing Mutiny at MSNBC Over Hiring of Ronna McDaniel,2024-03-25 23:19,https://www.wsj.com/business/media/msnbcs-joe-scarborough-and-mika-brzezinski-condemn-hiring-of-ronna-mcdaniel-125ac4ad?mod=business_trendingnow_article_pos1,Business,0
California Restaurants Cut Jobs as Fast-Food Wages Set to Rise,2024-03-25 00:00,https://www.wsj.com/business/hospitality/california-restaurants-cut-jobs-as-fast-food-wages-set-to-rise-eb5ddaaa?mod=business_trendingnow_article_pos2,Business,0
"Visa, Mastercard Agree to Lower Swipe Fees, Settling Long-Running Lawsuit",2024-03-26 13:19,https://www.wsj.com/finance/banking/visa-mastercard-agree-to-lower-swipe-fees-settling-long-running-lawsuit-d6e5f0a8?mod=business_trendingnow_article_pos3,Finance,3
A $20 Billion Deal Depends on Whether You Think Walmart Is a Supermarket,2024-03-26 07:19,https://www.wsj.com/business/retail/walmart-supermarket-kroger-albertson-merger-68e2478e?mod=business_trendingnow_article_pos5,Business,2
Search Under Way for Six After Baltimore Bridge Collapse,2024-03-26 15:19,https://www.wsj.com/us-news/baltimore-bridge-francis-scott-key-collapse-ship-6649dd14?mod=business_whatsnews_pos1,Politics,0
Supreme Court Appears Unlikely to Upend Abortion-Pill Access,2024-03-26 15:19,https://www.wsj.com/us-news/law/supreme-court-arguments-abortion-pill-mifepristone-c31de31a?mod=business_whatsnews_pos2,Politics,2
"Truth Social Stock Surges on First Day of Trading, Increasing Trump’s Fortune",2024-03-26 13:19,https://www.wsj.com/finance/truth-social-stock-trades-dwac-trump-18a6cd74?mod=business_whatsnews_pos3,Finance,4
Larry Fink Says World Leaders Must Address Growing Retirement Crisis,2024-03-26 06:19,https://www.wsj.com/finance/investing/blackrock-larry-fink-annual-letter-8484e68e?mod=business_whatsnews_pos5,Finance,2
"Truth Social Stock Price Surges on First Day of Trading, Increasing Trump’s Fortune",2024-03-26 13:19,https://www.wsj.com/finance/truth-social-stock-trades-dwac-trump-18a6cd74?mod=finance_lead_story,Finance,4
Adam Neumann Bids to Buy Back WeWork for More Than $500 Million,2024-03-25 21:19,https://www.wsj.com/articles/adam-neumann-submits-bid-to-buy-back-wework-for-more-than-500-million-5148f59d?mod=finance_lead_pos1,Articles,0
"Visa, Mastercard Agree to Lower Swipe Fees",2024-03-26 13:19,https://www.wsj.com/finance/banking/visa-mastercard-agree-to-lower-swipe-fees-settling-long-running-lawsuit-d6e5f0a8?mod=finance_lead_pos2,Finance,3
The Trial of Crypto’s Golden Boy,2024-03-26 12:19,https://www.wsj.com/finance/trial-of-cryptos-golden-boy-4c376cef?mod=finance_lead_pos3,Finance,0
Krispy Kreme Stock Jumps After Expanding Partnership With McDonald’s,2024-03-26 12:19,https://www.wsj.com/finance/stocks/krispy-kreme-stock-jumps-after-expanding-partnership-with-mcdonalds-76481531?mod=finance_lead_pos4,Finance,3
SEC Fines Arista Co-Founder $1 Million Over Insider Trading Claims,2024-03-26 11:19,https://www.wsj.com/finance/stocks/sec-fines-arista-co-founder-1-million-over-insider-trading-claims-9ba084a0?mod=finance_lead_pos5,Finance,0
Steve Buscemi on Leaving the FDNY to Act and How a ‘Curb Your Enthusiasm’ Gig Impressed His Son,2024-03-26 11:19,https://www.wsj.com/real-estate/steve-buscemi-on-leaving-the-fdny-to-act-and-how-a-curb-your-enthusiasm-gigimpressed-his-son-4ec783c9?mod=real-estate_lead_story,Real-Estate,1
The Office Market Is in Turmoil. So Why Are Rents More Expensive?,2024-03-26 06:19,https://www.wsj.com/real-estate/commercial/the-office-market-is-in-turmoil-so-why-are-rents-more-expensive-d096f961?mod=real-estate_lead_pos1,Real-Estate,0
The Price is $2.988 Million for Bob Barker’s Longtime Hollywood Home,2024-03-25 00:00,https://www.wsj.com/real-estate/luxury-homes/bob-barker-hollywood-home-e998b01b?mod=real-estate_lead_pos2,Real-Estate,2
How LVMH Helped Turn an Abandoned Miami Warehouse District Into a Luxury Hot Spot,2024-03-25 00:00,https://www.wsj.com/real-estate/commercial/how-lvmh-helped-turn-an-abandoned-miami-warehouse-district-into-a-luxury-hot-spot-71b433bb?mod=real-estate_lead_pos3,Real-Estate,2
Windowless Rooms and Town-Gown Battles: How Student Housing Got Expensive,2024-03-25 00:00,https://www.wsj.com/real-estate/windowless-rooms-and-town-gown-battles-how-student-housing-got-expensive-5b5413ad?mod=real-estate_lead_pos4,Real-Estate,0
Realtors Want to Get Paid for the Hard Work We Do,2024-03-09 00:00,https://www.wsj.com/articles/realtors-want-to-get-paid-for-the-hard-work-we-do-6605744a?mod=real-estate_trendingnow_opn_pos1,Articles,2
EXCLUSIVEWhy Do Superrich Buyers Want to Live Inside This New York Parking Garage?,2024-03-22 00:00,https://www.wsj.com/real-estate/luxury-homes/new-york-city-parking-garage-luxury-condos-42441396?mod=real-estate_trendingnow_article_pos2,Real-Estate,2
EXCLUSIVEOlympic Luger-Turned-Developer Lists Extravagant Lake Placid Estate,2024-03-20 00:00,https://www.wsj.com/real-estate/luxury-homes/lake-placid-estate-lists-for-28-5-million-c27a51de?mod=real-estate_trendingnow_article_pos3,Real-Estate,0
EXCLUSIVEThe Price is $2.988 Million for Bob Barker’s Longtime Hollywood Home,2024-03-25 00:00,https://www.wsj.com/real-estate/luxury-homes/bob-barker-hollywood-home-e998b01b?mod=real-estate_trendingnow_article_pos5,Real-Estate,1
S&P Global Cuts Paramount Credit Rating Into Junk Territory,2024-03-27 15:00,https://www.wsj.com/business/media/s-p-global-cuts-paramount-credit-rating-into-junk-territory-1d745fdc?mod=business_lead_story,Business,0
Disney Settles with DeSantis Over Florida Tax District,2024-03-27 13:00,https://www.wsj.com/business/media/disney-reaches-settlement-with-florida-tax-district-backed-by-ron-desantis-6dd03acf?mod=business_lead_pos1,Business,0
Companies Are Seeking Real-World Supply-Chain Gains in New AI Tools,2024-03-27 12:00,https://www.wsj.com/articles/companies-are-seeking-real-world-supply-chain-gains-in-new-ai-tools-023045e7?mod=business_lead_pos2,Articles,2
Shoppers Hunt for Affordable Easter Eggs as Outlook for Chocolate Makers Sours,2024-03-27 12:00,https://www.wsj.com/business/retail/shoppers-on-the-hunt-for-affordable-easter-eggs-as-outlook-for-chocolate-makers-sours-c608b1da?mod=business_lead_pos3,Business,0
VIP Programs Offered by Online Gambling Companies Draw Federal Scrutiny,2024-03-27 12:00,https://www.wsj.com/business/hospitality/vip-programs-offered-by-online-gambling-companies-draw-federal-scrutiny-fc7fecbe?mod=business_lead_pos4,Business,0
U.S. Crude Oil Inventories Rose by 3.2 Million Barrels Last Week,2024-03-27 12:00,https://www.wsj.com/business/energy-oil/u-s-crude-oil-inventories-rose-by-3-2-million-barrels-last-week-bb98fdb2?mod=business_lead_pos5,Business,0
EVs Are a Forced March to the Grid’s Collapse,2024-03-26 22:00,https://www.wsj.com/articles/cars-autos-ev-electric-vehicle-mandate-grid-7ab3b317?mod=business_trendingnow_opn_pos1,Articles,0
There’s No Free Pizza,2024-03-26 22:00,https://www.wsj.com/articles/theres-no-free-pizza-69c1acd0?mod=business_trendingnow_opn_pos2,Articles,0
Evan Gershkovich’s Year in a Russian Prison,2024-03-26 22:00,https://www.wsj.com/articles/evan-gershkovich-one-year-in-prison-russia-vladimir-putin-journalism-677f9c50?mod=business_trendingnow_opn_pos3,Articles,0
Trump’s Truth Social Enablers,2024-03-26 22:00,https://www.wsj.com/articles/donald-trump-media-and-technology-group-valuation-stock-market-3d78ca6c?mod=business_trendingnow_opn_pos4,Articles,0
EXCLUSIVEBaltimore Bridge Crash Investigators to Examine Whether Dirty Fuel Played Role in Accident,2024-03-26 22:00,https://www.wsj.com/us-news/dali-ship-fuel-baltimore-bridge-collapse-6c6a0c76?mod=business_trendingnow_article_pos1,Politics,2
NBC Drops Former RNC Chief Ronna McDaniel Amid Backlash,2024-03-26 20:00,https://www.wsj.com/business/media/ronna-mcdaniel-nbc-610d30bc?mod=business_trendingnow_article_pos2,Business,0
Disney Settles With Ron DeSantis Over Florida Tax District,2024-03-27 13:00,https://www.wsj.com/business/media/disney-reaches-settlement-with-florida-tax-district-backed-by-ron-desantis-6dd03acf?mod=business_trendingnow_article_pos5,Business,0
"In a Secret Game of Prisoner Swaps, Putin Has Held Most of the Cards",2024-03-27 01:00,https://www.wsj.com/world/russia/russia-u-s-prisoner-swaps-gershkovich-whelan-be4576f8?mod=business_whatsnews_pos1,Politics,0
Disney Settles With DeSantis Over Florida Tax District,2024-03-27 13:00,https://www.wsj.com/business/media/disney-reaches-settlement-with-florida-tax-district-backed-by-ron-desantis-6dd03acf?mod=business_whatsnews_pos2,Business,0
The Night Shift on a Baltimore Bridge That Turned Deadly,2024-03-27 13:00,https://www.wsj.com/us-news/baltimore-bridge-deadly-shift-f3a89f27?mod=business_whatsnews_pos3,Politics,0
Russia Doubles Down on Blaming Concert Massacre on Ukraine and the West,2024-03-27 15:00,https://www.wsj.com/world/russia/russia-doubles-down-on-bid-to-link-concert-massacre-to-ukraine-and-the-west-b44f8e2b?mod=business_whatsnews_pos4,Politics,0
Is VP Contender Kristi Noem Ready for Prime Time?,2024-03-27 11:00,https://www.wsj.com/politics/elections/is-vp-contender-kristi-noem-ready-for-primetime-bd2d2bc1?mod=business_whatsnews_pos5,Politics,0
Trader at Center of Libor Scandal Loses Appeal,2024-03-27 14:00,https://www.wsj.com/finance/tom-hayes-trader-at-center-of-libor-scandal-has-conviction-upheld-e452264c?mod=finance_lead_story,Finance,0
The Crypto Reboot That Wasn’t: Why ‘FTX 2.0’ Floundered,2024-03-27 06:00,https://www.wsj.com/finance/currencies/the-crypto-reboot-that-wasnt-why-ftx-2-0-floundered-5e729c4c?mod=finance_lead_pos1,Finance,0
"UBS, Apollo Complete Securitization Unit Deal",2024-03-27 04:00,https://www.wsj.com/finance/banking/ubs-apollo-complete-carveout-of-former-credit-suisse-business-23a11fad?mod=finance_lead_pos2,Finance,1
Yen Hits 34-Year Low as Hopes for BOJ Rate Increases Fade,2024-03-27 01:00,https://www.wsj.com/finance/currencies/yen-hits-34-year-low-as-hopes-for-boj-rate-increases-fade-d3d0da2d?mod=finance_lead_pos3,Finance,0
KuCoin and Its Founders Face Criminal Charges Over Money-Laundering Violations,2024-03-26 21:00,https://www.wsj.com/articles/kucoin-and-its-founders-face-criminal-charges-over-money-laundering-violations-f8f2900c?mod=finance_lead_pos5,Articles,0
All Aboard the Foreign-Exchange Seesaw,2024-03-27 01:00,https://www.wsj.com/articles/japan-yen-foreign-exchange-rate-central-bank-b9dadd3c?mod=finance_trendingnow_opn_pos1,Articles,2
AT&T Reset 7.6 Million Customers’ Passcodes After Data Breach,2024-03-31 18:35,https://www.wsj.com/business/telecom/at-t-says-data-from-73-million-accounts-were-leaked-to-dark-web-bad6d642?mod=business_lead_story,Business,0
‘Godzilla x Kong’ Tops Expectations With Year’s No. 2 Opening Weekend,2024-03-31 15:35,https://www.wsj.com/business/media/godzilla-x-kong-tops-expectations-with-80-million-opening-weekend-78896993?mod=business_lead_pos1,Business,2
Ships Have Become Supersized Since Baltimore Bridge Was Built,2024-03-31 11:35,https://www.wsj.com/business/logistics/ships-have-become-supersized-since-baltimore-bridge-was-built-4ccf7d84?mod=business_lead_pos2,Business,0
Why Stellantis’s CEO Remains All-In on EVs as Others Retrench,2024-03-31 00:35,https://www.wsj.com/business/autos/carlos-tavares-stellantis-ceo-electric-vehicles-0b537312?mod=business_lead_pos3,Business,2
"With Elon Musk, Does the Good Outweigh the Bad?",2024-03-30 00:00,https://www.wsj.com/business/autos/with-elon-musk-does-the-good-outweigh-the-bad-7087738f?mod=business_lead_pos4,Business,2
Huawei Bounces Back From U.S. Sanctions as Profit Doubles,2024-03-29 00:00,https://www.wsj.com/business/earnings/huaweis-2023-net-profit-more-than-doubled-as-revenue-rose-b1b6d971?mod=business_lead_pos5,Business,3
Biden’s Order: Let There Be Electric Trucks,2024-03-30 00:00,https://www.wsj.com/articles/bidens-new-command-electric-trucks-china-epa-subsidies-ira-0d740d12?mod=business_trendingnow_opn_pos1,Articles,2
You Can’t Fire Only the White Guys,2024-03-30 00:00,https://www.wsj.com/articles/david-duvall-novant-health-court-opinion-diversity-equity-inclusion-b4a0d50a?mod=business_trendingnow_opn_pos2,Articles,0
California’s Crazy ‘Fast Food’ Minimum Wage Takes Effect,2024-03-30 00:00,https://www.wsj.com/articles/californias-crazy-fast-food-minimum-wage-takes-effect-negative-repercussions-7ae3e9ae?mod=business_trendingnow_opn_pos3,Articles,0
How Green Energy Makes Us Vulnerable to Cyberattack,2024-03-30 00:00,https://www.wsj.com/articles/how-green-energy-makes-us-vulnerable-to-cyberattack-electric-vehicle-china-04f803dc?mod=business_trendingnow_opn_pos4,Articles,0
He Turned 55. Then He Started the World’s Most Important Company.,2024-03-30 00:00,https://www.wsj.com/tech/tsmc-morris-chang-taiwan-semiconductor-chips-entrepreneurship-506fcbc4?mod=business_trendingnow_article_pos1,Business,3
A Hit Brand’s ‘One Size Fits Most’ Clothing Is Dividing America’s Teens,2024-03-31 10:35,https://www.wsj.com/style/fashion/a-hit-brands-one-size-fits-most-clothing-is-dividing-americas-teens-c6da9cc0?mod=business_trendingnow_article_pos2,Articles,0
Discord to Start Showing Ads for Gamers to Boost Revenue,2024-03-30 00:00,https://www.wsj.com/tech/discord-to-start-showing-ads-for-gamers-to-boost-revenue-bf5848b9?mod=business_trendingnow_article_pos4,Business,0
U.S.-Israel Intelligence Sharing Draws Criticism,2024-03-31 15:35,https://www.wsj.com/politics/national-security/u-s-and-israels-unprecedented-intelligence-sharing-draws-criticism-a85979b4?mod=business_whatsnews_pos1,Politics,0
Trump Stock Takes Washington by Storm,2024-03-31 05:35,https://www.wsj.com/finance/donald-trump-truth-social-djt-money-608fea5e?mod=business_whatsnews_pos2,Finance,4
Questions About a Fatal Fall Tear Apart a Storied British Family,2024-03-31 00:00,https://www.wsj.com/world/walmsley-robert-death-inquest-family-stepmother-a2b94026?mod=business_whatsnews_pos3,Politics,0
How to Negotiate With a Real-Estate Agent,2024-03-31 21:35,https://www.wsj.com/personal-finance/buying-a-home-real-estate-commissions-2231cf7c?mod=business_whatsnews_pos4,Finance,2
"It Only Takes a $7,000 Debt to End Up Trapped in China",2024-03-31 00:35,https://www.wsj.com/world/china/chinese-exit-bans-business-c38cb10c?mod=business_whatsnews_pos5,Politics,0
Crypto Fuels Russian Shadow Trade for Weapons Parts,2024-03-31 23:35,https://www.wsj.com/finance/currencies/crypto-fuelsrussian-shadow-trade-for-weapons-parts-1bfdc1a1?mod=finance_lead_story,Finance,0
The Stock Market’s Magnificent Seven Is Now the Fab Four,2024-03-31 23:35,https://www.wsj.com/finance/stocks/the-stock-markets-magnificent-seven-is-now-the-fab-four-2dff87ac?mod=finance_lead_pos1,Finance,3
The Climate Scientist Fossil-Fuel Companies Can’t Stand,2024-03-31 05:35,https://www.wsj.com/finance/commodities-futures/robert-howarth-cornell-climate-liquified-natural-gas-2a75fb98?mod=finance_lead_pos2,Finance,0
Wealth Management Is a Risky Gold Rush for Banks,2024-03-30 00:00,https://www.wsj.com/finance/banking/wealth-management-is-a-risky-gold-rush-for-banks-99baba67?mod=finance_lead_pos4,Finance,0
Heard on the Street’s Stock-Picking Contest,2024-03-29 00:00,https://www.wsj.com/finance/stocks/heard-on-the-streets-stock-picking-contest-bbb58f00?mod=finance_lead_pos5,Finance,2
"Donald Trump, Come On Down",2024-03-31 15:35,https://www.wsj.com/articles/donald-trump-come-on-down-letitia-james-courts-tech-2ec9424b?mod=finance_trendingnow_opn_pos1,Articles,0
Green Shareholders Try to Sabotage America’s Energy Industry,2024-03-31 15:35,https://www.wsj.com/articles/green-shareholders-try-to-sabotage-americas-energy-industry-proxy-proposal-03516f60?mod=finance_trendingnow_opn_pos2,Articles,0
A Tough Sentence for Sam Bankman-Fried,2024-03-31 15:35,https://www.wsj.com/articles/sam-bankman-fried-25-year-sentence-lewis-kaplan-ftx-cryptocurrencies-fraud-60561143?mod=finance_trendingnow_opn_pos3,Articles,0
"They Rattled the Neighbors Building Their $85 Million Dream House. Now, It’s for Sale.",2024-03-28 00:00,https://www.wsj.com/real-estate/luxury-homes/manhattan-megamansion-lists-for-85-million-3e7346de?mod=real-estate_lead_story,Real-Estate,0
Historic Homes Rule Savannah. Will Modern Architecture Ever Find Its Footing?,2024-03-28 00:00,https://www.wsj.com/real-estate/luxury-homes/historic-homes-rule-savannah-will-modern-architecture-ever-find-its-footing-1efced0c?mod=real-estate_lead_pos1,Real-Estate,2
Two China Property Giants Lead Drive to Diversify,2024-03-28 00:00,https://www.wsj.com/real-estate/two-china-property-giants-lead-drive-to-diversify-c24edb3b?mod=real-estate_lead_pos2,Real-Estate,2
Fortune Favors Early Movers in America’s Property Crunch,2024-03-28 00:00,https://www.wsj.com/real-estate/fortune-favors-early-movers-in-americas-property-crunch-15c47671?mod=real-estate_lead_pos3,Real-Estate,2
This Tennessee Community With a ‘Rural Feel’ Is One of the South’s Most Expensive Places to Live,2024-03-28 00:00,https://www.wsj.com/real-estate/luxury-homes/college-grove-tennessee-zip-code-e40404b7?mod=real-estate_lead_pos4,Real-Estate,0
The Nature of the Real-Estate Business,2024-03-28 00:00,https://www.wsj.com/articles/the-nature-of-the-real-estate-business-65e19dee?mod=real-estate_trendingnow_opn_pos2,Articles,2
Why the Heck Is Everyone Moving to Beverlywood?,2024-02-13 00:00,https://www.wsj.com/real-estate/luxury-homes/beverlywood-california-97e17617?mod=real-estate_trendingnow_article_pos3,Real-Estate,0
"EXCLUSIVEThey Rattled the Neighbors Building Their $85 Million Dream House. Now, It’s for Sale.",2024-03-28 00:00,https://www.wsj.com/real-estate/luxury-homes/manhattan-megamansion-lists-for-85-million-3e7346de?mod=real-estate_trendingnow_article_pos5,Real-Estate,0
"Boeing Boss Gets $33 Million in Pay for 2023, but No Bonus",2024-04-05 18:29,https://www.wsj.com/business/airlines/boeing-boss-gets-33-million-in-pay-for-2023-but-no-bonus-2453d231?mod=business_lead_story,Business,0
Red Sea Shipping Diversions Are Boosting Airfreight Volumes and Rates,2024-04-05 14:29,https://www.wsj.com/articles/red-sea-shipping-diversions-are-boosting-airfreight-volumes-and-rates-cf0e95d3?mod=business_lead_pos1,Articles,2
Jersey Mike’s Considers Sale,2024-04-05 12:29,https://www.wsj.com/business/retail/jersey-mikes-considers-sale-6acc1e8a?mod=business_lead_pos2,Business,0
Procter & Gamble Recalls Some Laundry-Detergent Packets,2024-04-05 10:29,https://www.wsj.com/business/procter-gamble-voluntarily-recalling-some-laundry-detergent-packets-c8073d0f?mod=business_lead_pos3,Business,0
Shell Sees Gas Output Above Guidance,2024-04-05 09:29,https://www.wsj.com/business/energy-oil/shell-earnings-boosted-by-strong-gas-trading-711d5c98?mod=business_lead_pos4,Business,3
"Uniqlo, After Its U.S. Retreat, Plans to Open Dozens of New Stores",2024-04-05 08:29,https://www.wsj.com/business/retail/apparel-retailer-uniqlo-expands-in-texas-and-california-in-new-store-push-db729858?mod=business_lead_pos5,Business,2
Biden Tells Ukraine Not to Hit Russia,2024-04-01 00:00,https://www.wsj.com/articles/russia-ukraine-oil-refineries-strikes-biden-administration-vladimir-putin-b0ef679c?mod=business_trendingnow_opn_pos1,Articles,1
A California ‘Right to Disconnect’?,2024-04-01 00:00,https://www.wsj.com/articles/california-bill-right-to-disconnect-working-hours-emails-f3812b1c?mod=business_trendingnow_opn_pos2,Articles,2
The Climate Agenda Is a Win for the Chinese,2024-04-01 00:00,https://www.wsj.com/articles/the-climate-agenda-is-a-win-for-the-chinese-renewables-7d8e5185?mod=business_trendingnow_opn_pos3,Articles,3
Woody Allen’s Cancellation Is a Crime Against Culture,2024-04-01 00:00,https://www.wsj.com/articles/woody-allens-cancellation-is-a-crime-against-culture-hollywood-metoo-fb417fa5?mod=business_trendingnow_opn_pos4,Articles,0
How Gen Z Is Becoming the Toolbelt Generation,2024-04-01 00:00,https://www.wsj.com/lifestyle/careers/gen-z-trades-jobs-plumbing-welding-a76b5e43?mod=business_trendingnow_article_pos1,Articles,2
Johnson & Johnson to Buy Shockwave Medical in $13.1 Billion Deal,2024-04-05 16:29,https://www.wsj.com/health/pharma/johnson-johnson-to-buy-shockwave-medical-in-13-1-billion-deal-5c3a45ce?mod=business_trendingnow_article_pos3,Health,3
Amazon Sellers Plagued by Surge in Scam Returns,2024-04-04 00:00,https://www.wsj.com/business/retail/amazon-sellers-plagued-by-surge-in-scam-returns-04c86665?mod=business_trendingnow_article_pos4,Business,0
EXCLUSIVEJersey Mike’s Considers Sale,2024-04-05 12:29,https://www.wsj.com/business/retail/jersey-mikes-considers-sale-6acc1e8a?mod=business_trendingnow_article_pos5,Business,0
Brisk Hiring Bolsters Fed’s Cautious Stance on Rate Cuts,2024-04-05 13:29,https://www.wsj.com/economy/jobs/jobs-report-march-unemployment-02c4050d?mod=business_whatsnews_pos1,Economy,2
"4.8-Magnitude Earthquake Shakes New York City, Northeast",2024-04-05 19:29,https://www.wsj.com/us-news/a-4-8-magnitude-earthquake-shakes-new-york-city-northeast-c3b593eb?mod=business_whatsnews_pos2,Politics,4
"Investors in Talks to Help Elon Musk’s xAI Raise $3 Billion, Adding to Industry Arms Race",2024-04-05 19:29,https://www.wsj.com/tech/ai/investors-in-talks-to-help-elon-musks-xai-raise-3-billion-adding-to-industry-arms-race-84ba2328?mod=business_whatsnews_pos3,Business,2
Israel Says Troops Lacked Grounds for Strike That Killed Seven Aid Workers,2024-04-05 19:29,https://www.wsj.com/world/middle-east/israel-to-allow-more-aid-into-gaza-after-biden-warning-over-u-s-support-49bc42e4?mod=business_whatsnews_pos4,Politics,0
Why Immigration Is Now the No. 1 Issue for Voters,2024-04-05 00:29,https://www.wsj.com/politics/elections/election-2024-immigration-issue-voters-84916a17?mod=business_whatsnews_pos5,Politics,2
"Strong Jobs Report Still Leaves Wiggle Room for the Fed, but Not Much",2024-04-05 10:29,https://www.wsj.com/economy/jobs/strong-jobs-report-still-leaves-wiggle-room-for-the-fed-but-not-much-4cbe1115?mod=finance_lead_story,Economy,2
"The Score: Trump Media, Walt Disney, Ulta Beauty and More Stocks That Defined the Week",2024-04-05 18:29,https://www.wsj.com/finance/stocks/the-score-trump-media-walt-disney-ulta-beauty-and-more-stocks-that-defined-the-week-15a80931?mod=finance_lead_pos1,Finance,1
Strong Jobs Report Triggers Stock Rally,2024-04-05 17:29,https://www.wsj.com/finance/stocks/global-stocks-markets-dow-news-04-05-2024-9f83c0f5?mod=finance_lead_pos3,Finance,4
A Smart Twist on One of the Stock Market’s Dumbest Ideas,2024-04-05 16:29,https://www.wsj.com/finance/investing/chipotle-stock-split-058ff147?mod=finance_lead_pos4,Finance,2
"From Granolas to Fab Five, Market Looks for Europe’s Magnificent Seven",2024-04-05 11:29,https://www.wsj.com/finance/stocks/from-granolas-to-fab-five-market-looks-for-europes-magnificent-seven-49d737c3?mod=finance_lead_pos5,Finance,2
What if the Federal Reserve Is Wrong?,2024-04-05 13:29,https://www.wsj.com/articles/commodities-prices-gold-federal-reserve-jerome-powell-interest-rates-a6f19fce?mod=finance_trendingnow_opn_pos1,Articles,0
My Wild Ride as a DJT Day Trader,2024-04-05 13:29,https://www.wsj.com/articles/my-wild-ride-as-a-djt-day-trader-24c6c06d?mod=finance_trendingnow_opn_pos2,Articles,0
Another Cost of Cheap Money Comes Into View,2024-04-05 13:29,https://www.wsj.com/articles/another-cost-of-cheap-money-comes-into-view-central-banking-c07b86f5?mod=finance_trendingnow_opn_pos3,Articles,0
Trump’s Dazzling Truth Social SPAC,2024-04-05 13:29,https://www.wsj.com/articles/trumps-dazzling-truth-social-spac-social-media-d301ef7c?mod=finance_trendingnow_opn_pos4,Articles,1
A Richard Neutra-Designed Home in L.A. Lists for the First Time in Decades,2024-04-05 12:29,https://www.wsj.com/real-estate/luxury-homes/a-richard-neutra-designed-home-in-l-a-lists-for-the-first-time-in-decades-021f94c5?mod=real-estate_lead_story,Real-Estate,2
Can Marcus Lemonis Turn a Profit on His $35 Million New York Townhouse?,2024-04-04 00:00,https://www.wsj.com/real-estate/luxury-homes/marcus-lemonis-new-york-city-townhouse-ab7c61f9?mod=real-estate_lead_pos1,Real-Estate,2
Illegal Grow Houses and Hidden Septics: Real-Estate Brokers on the Worst Code Violations They’ve Encountered,2024-04-04 00:00,https://www.wsj.com/real-estate/luxury-homes/illegal-grow-houses-and-hidden-septics-real-estate-brokers-on-the-worst-code-violations-theyve-encountered-e81886ba?mod=real-estate_lead_pos2,Real-Estate,0
Kering Buys Historic Property in Milan Fashion District,2024-04-04 00:00,https://www.wsj.com/real-estate/commercial/gucci-owner-kering-buys-property-in-milan-fashion-district-for-around-1-4-billion-35c36592?mod=real-estate_lead_pos3,Real-Estate,2
Joshua Tree Was California’s Hottest Housing Market. What Happened?,2024-04-04 00:00,https://www.wsj.com/real-estate/joshua-tree-was-californias-hottest-housing-market-what-happened-df205dba?mod=real-estate_lead_pos4,Real-Estate,0
Kelly Slater Asks $20 Million for Beachfront Compound in Hawaii,2024-04-03 00:00,https://www.wsj.com/real-estate/luxury-homes/kelly-slater-asks-20-million-for-beachfront-compound-in-hawaii-a857cf01?mod=real-estate_lead_pos5,Real-Estate,0
The Realtors Still Need Market Reform,2024-04-03 00:00,https://www.wsj.com/articles/the-realtors-still-need-market-reform-antitrust-home-real-estate-6663bec6?mod=real-estate_trendingnow_opn_pos1,Articles,0
They Got a ‘Sleep Divorce’—and Their Marriage Has Never Been Better,2024-04-03 00:00,https://www.wsj.com/real-estate/luxury-homes/sleep-divorce-snore-rooms-e76faa1f?mod=real-estate_trendingnow_article_pos1,Real-Estate,2
EXCLUSIVESteve Wynn and Thomas Peterffy Are About to Hand Aspen Its First $100 Million Home Sale,2024-04-01 00:00,https://www.wsj.com/real-estate/luxury-homes/aspen-colorado-110-million-home-sale-759b70bb?mod=real-estate_trendingnow_article_pos3,Real-Estate,1
The Dollar-Store Showdown Comes Down to Real Estate,2024-04-02 00:00,https://www.wsj.com/real-estate/commercial/the-dollar-store-showdown-comes-down-to-real-estate-9c9cb94b?mod=real-estate_trendingnow_article_pos5,Real-Estate,2
Kimberly-Clark to Sell PPE Business to Ansell for $640 Million,2024-04-07 21:19,https://www.wsj.com/business/deals/kimberly-clark-to-sell-ppe-business-to-ansell-for-640-million-90f4d018?mod=business_lead_story,Business,0
Steelworkers Push Back Against $14 Billion Deal for U.S. Steel as Vote Looms,2024-04-07 10:19,https://www.wsj.com/business/union-us-steel-deal-pushback-f7483382?mod=business_lead_pos1,Business,0
Contaminated Fuel Is a Hard-to-Fix Problem in Ocean Shipping,2024-04-06 00:00,https://www.wsj.com/business/energy-oil/contaminated-fuel-is-a-hard-to-fix-problem-in-ocean-shipping-10ccbbad?mod=business_lead_pos2,Business,0
"Elon Musk Auditions as Corporate Gadfly, Taking Sides Against Disney",2024-04-06 00:00,https://www.wsj.com/business/elon-musk-auditions-as-corporate-gadfly-taking-sides-against-disney-af65a979?mod=business_lead_pos3,Business,2
The Inside Tale of Tesla’s Fall to Earth,2024-04-06 00:00,https://www.wsj.com/business/autos/tesla-sales-decline-elon-musk-20613265?mod=business_lead_pos4,Business,0
Will Taking On the Toughest Job at Boeing Win Her the CEO Title?,2024-04-06 00:00,https://www.wsj.com/business/will-taking-on-the-toughest-job-at-boeing-win-her-the-ceo-title-5348d2ec?mod=business_lead_pos5,Business,2
Insurers Are Spying on Your Home From the Sky,2024-04-06 00:00,https://www.wsj.com/real-estate/home-insurance-aerial-images-37a18b16?mod=business_trendingnow_article_pos1,Real-Estate,0
What One Employer Found When It Started Providing Child Care,2024-04-07 07:19,https://www.wsj.com/economy/jobs/child-care-ups-benefits-777c632a?mod=business_trendingnow_article_pos2,Economy,2
Inside the Messy Battle for the Biggest Swing State of 2024,2024-04-07 21:19,https://www.wsj.com/video/series/on-the-news/inside-the-messy-battle-for-the-biggest-swing-state-of-2024/C3EAE5DD-2D2F-4C4A-89B4-C3BD324F0C18?mod=business_whatsnews_pos1,Articles,2
"In Six Months, Everything Has Changed for Israel",2024-04-07 00:19,https://www.wsj.com/world/middle-east/in-six-months-everything-has-changed-for-israel-5c5130e9?mod=business_whatsnews_pos2,Politics,0
South Carolina Completes Perfect Season by Knocking Off Caitlin Clark’s Iowa,2024-04-07 20:19,https://www.wsj.com/sports/basketball/south-carolina-iowa-caitlin-clark-8d629deb?mod=business_whatsnews_pos3,Articles,1
Elon Musk Vows to Defy Brazil Order to Block Some X Accounts Amid Hate-Speech Clampdown,2024-04-07 18:19,https://www.wsj.com/world/americas/elon-musk-vows-to-defy-brazil-order-to-block-some-x-accounts-amid-fake-news-clampdown-7d1a099f?mod=business_whatsnews_pos4,Politics,2
"Hash Out the Inheritance Now, or Fight Your Family Later",2024-04-07 00:00,https://www.wsj.com/personal-finance/hash-out-the-inheritance-now-or-fight-your-family-later-5fd836b9?mod=business_whatsnews_pos5,Finance,0
Big Tech Has a Big Cash Problem,2024-04-07 06:20,https://www.wsj.com/tech/big-tech-has-a-big-cash-problem-eb00240d?mod=finance_lead_story,Business,0
Stock Funds Zoom to 9.1% Gain in First Quarter,2024-04-07 10:20,https://www.wsj.com/finance/investing/stock-funds-9-1-gain-first-quarter-b0fc373f?mod=finance_lead_pos1,Finance,4
"Do Kwon Lost to the SEC. The U.S. Is Piling Up Other Crypto Wins, Too.",2024-04-07 10:20,https://www.wsj.com/finance/currencies/do-kwon-lost-to-the-sec-the-u-s-is-piling-up-other-crypto-wins-too-6c12bdde?mod=finance_lead_pos2,Finance,0
The Surprising Top Mutual Fund in the First Quarter,2024-04-07 06:20,https://www.wsj.com/finance/investing/the-surprising-top-mutual-fund-in-the-first-quarter-215bf2cb?mod=finance_lead_pos3,Finance,3
Earnings Season to Test Stock-Market Rally,2024-04-07 06:20,https://www.wsj.com/finance/stocks/earnings-season-stock-market-rally-test-2591b806?mod=finance_lead_pos4,Finance,2
"Biotech Executive Who Bet on Rival’s Stock Committed Insider Trading, Jury Says",2024-04-06 00:00,https://www.wsj.com/finance/regulation/biotech-executive-who-bet-on-rivals-stock-committed-insider-trading-jury-says-73a622b1?mod=finance_lead_pos5,Finance,0
Luxury Brands Go Shopping for Upmarket Boutiques,2024-04-06 00:00,https://www.wsj.com/real-estate/commercial/luxury-brands-go-shopping-for-upmarket-boutiques-b05bb30a?mod=real-estate_lead_pos1,Real-Estate,2
EXCLUSIVEKelly Slater Asks $20 Million for Beachfront Compound in Hawaii,2024-04-03 00:00,https://www.wsj.com/real-estate/luxury-homes/kelly-slater-asks-20-million-for-beachfront-compound-in-hawaii-a857cf01?mod=real-estate_trendingnow_article_pos5,Real-Estate,0
The Black Market That Delivers Elon Musk’s Starlinks to U.S. Foes,2024-04-09 00:34,https://www.wsj.com/business/telecom/starlink-musk-ukraine-russia-sudan-satellite-communications-technology-f4fc79d9?mod=business_lead_story,Business,0
Tesla Agrees to Settle Lawsuit Over Autopilot’s Involvement in 2018 Fatal Crash,2024-04-08 23:34,https://www.wsj.com/business/autos/tesla-fatal-autopilot-crash-trial-33936b42?mod=business_lead_pos1,Business,0
Esprit’s Belgium Unit Files for Insolvency,2024-04-08 21:34,https://www.wsj.com/business/retail/esprits-belgium-unit-files-for-insolvency-c7181bd1?mod=business_lead_pos2,Business,0
RBC Begins Integration of HSBC’s Canadian Unit Without a Permanent CFO,2024-04-08 18:34,https://www.wsj.com/articles/rbc-begins-integration-of-hsbcs-canadian-unit-without-a-permanent-cfo-da60bffb?mod=business_lead_pos3,Articles,0
Army Sponsors Upstart United Football League in New Recruitment Strategy,2024-04-08 16:34,https://www.wsj.com/articles/army-sponsors-upstart-united-football-league-in-new-recruitment-strategy-a1497f16?mod=business_lead_pos4,Articles,2
FAA to Probe Loss of Engine Cover on Southwest Airlines Boeing Jet,2024-04-08 09:34,https://www.wsj.com/business/airlines/faa-to-probe-loss-of-engine-cover-on-southwest-airlines-boeing-jet-4e648436?mod=business_lead_pos5,Business,0
Freedom’s Man in Hong Kong,2024-04-06 00:00,https://www.wsj.com/articles/freedoms-man-in-hong-kong-jimmy-lai-apple-daily-trial-china-69de3a8b?mod=business_trendingnow_opn_pos1,Articles,0
There Is a Right and Wrong Way for America to Get Workers,2024-04-06 00:00,https://www.wsj.com/articles/immigration-legal-illegal-workers-economy-c6899b2e?mod=business_trendingnow_opn_pos2,Articles,2
Wildfires Make Utilities a Tricky Investment. Just Ask Warren Buffett.,2024-04-08 05:34,https://www.wsj.com/finance/investing/wildfires-make-utilities-a-tricky-investment-just-ask-warren-buffett-6dd9861d?mod=business_trendingnow_article_pos5,Finance,0
U.S. Makes Fresh Cease-Fire Proposal for War in Gaza,2024-04-08 18:34,https://www.wsj.com/world/middle-east/israel-kills-a-hezbollah-commander-as-gaza-cease-fire-talks-show-progress-207885e1?mod=business_whatsnews_pos1,Politics,0
"Commodities Rally Reflects a Better Economy, but Also Poses Inflation Risks",2024-04-09 00:34,https://www.wsj.com/finance/commodities-futures/commodities-rally-reflects-a-better-economy-but-also-poses-inflation-risks-1e81e723?mod=business_whatsnews_pos3,Finance,2
Biden’s Student-Loan Plan Seeks to Slash Debt for 30 Million Americans,2024-04-08 16:34,https://www.wsj.com/politics/policy/bidens-student-loan-plan-seeks-to-slash-debt-for-30-million-americans-12a00eba?mod=business_whatsnews_pos4,Politics,3
Utah’s Tech Hub Powers America’s Hottest Job Market,2024-04-08 21:34,https://www.wsj.com/economy/jobs/utahs-tech-hub-powers-americas-hottest-job-market-wsj-ranking-finds-e67d0171?mod=business_whatsnews_pos5,Economy,4
Jamie Dimon Warns U.S. Might Face Interest-Rate Spike,2024-04-08 06:34,https://www.wsj.com/finance/jamie-dimon-warns-u-s-might-face-interest-rate-spike-83789da7?mod=finance_lead_story,Finance,0
Doubts Creep In About a Fed Rate Cut This Year,2024-04-08 00:00,https://www.wsj.com/economy/central-banking/wall-street-fed-rate-cuts-f6c154d7?mod=finance_lead_pos1,Economy,0
Blackstone Is Back on the Real Estate Offensive With $10 Billion Deal,2024-04-08 20:34,https://www.wsj.com/real-estate/blackstone-making-10-billion-multifamily-purchase-going-on-the-real-estate-offensive-f3126928?mod=finance_lead_pos2,Real-Estate,3
"Sorry, but Blood Tests Won’t Replace Stool Samples or Colonoscopies Yet",2024-04-08 07:34,https://www.wsj.com/health/healthcare/sorry-but-blood-tests-wont-replace-stool-samples-or-colonoscopies-yet-beba3b20?mod=finance_lead_pos3,Health,0
HSBC to Sell Argentina Business for $550.0 Million,2024-04-09 01:34,https://www.wsj.com/finance/hsbc-to-sell-argentina-business-for-550-0-million-c7386394?mod=finance_lead_pos4,Finance,0
FDIC May Spoil Your Index Funds,2024-04-08 18:34,https://www.wsj.com/articles/fdic-may-spoil-your-index-funds-passive-active-returns-stock-market-3dd035d1?mod=finance_trendingnow_opn_pos1,Articles,0
"Movie Theaters Have Weird Real Estate, and It’s Helping to Save Them",2024-04-08 05:35,https://www.wsj.com/real-estate/commercial/movie-theaters-have-weird-real-estate-its-saving-them-8053335f?mod=real-estate_lead_pos1,Real-Estate,2
"Blackstone Making $10 Billion Multifamily Purchase, Going on the Real Estate Offensive",2024-04-08 20:35,https://www.wsj.com/real-estate/blackstone-making-10-billion-multifamily-purchase-going-on-the-real-estate-offensive-f3126928?mod=real-estate_trendingnow_article_pos4,Real-Estate,4
Norfolk Southern Agrees to $600 Million Ohio Derailment Settlement,2024-04-09 10:28,https://www.wsj.com/business/logistics/norfolk-southern-agrees-to-settle-ohio-derailment-lawsuit-12d240d4?mod=business_lead_story,Business,0
Meet the Robots Slicing Your Barbecue Ribs,2024-04-09 08:28,https://www.wsj.com/business/meet-the-robots-slicing-your-barbecue-ribs-338a7794?mod=business_lead_pos1,Business,2
"Atos Reaches Interim Financing Deal, Awaits Cash Injection",2024-04-09 07:28,https://www.wsj.com/business/c-suite/atos-reaches-interim-financing-deal-with-french-state-banks-as-it-awaits-cash-injection-c4feeb6c?mod=business_lead_pos2,Business,2
Paramount Faces a Mountain of Distrust,2024-04-09 06:28,https://www.wsj.com/business/media/paramount-faces-a-mountain-of-distrust-16502584?mod=business_lead_pos3,Business,0
Chevron Exits Myanmar With Withdrawal From Natural Gas Project,2024-04-09 06:28,https://www.wsj.com/business/energy-oil/chevron-exits-myanmar-with-withdrawal-from-natural-gas-project-cd0afbd1?mod=business_lead_pos4,Business,0
China Vehicle Sales Rebound,2024-04-09 05:28,https://www.wsj.com/business/autos/china-vehicle-sales-rebound-8f566ddc?mod=business_lead_pos5,Business,3
EXCLUSIVEGoogle Expands In-House Chip Efforts in Costly AI Battle,2024-04-09 12:28,https://www.wsj.com/tech/google-expands-in-house-chip-efforts-in-costly-ai-battle-3121c852?mod=business_trendingnow_article_pos4,Business,2
Google Expands In-House Chip Efforts in Costly AI Battle,2024-04-09 12:28,https://www.wsj.com/tech/google-expands-in-house-chip-efforts-in-costly-ai-battle-3121c852?mod=business_whatsnews_pos3,Business,0
American Investors Embrace a Less-Democratic India,2024-04-09 07:28,https://www.wsj.com/world/india/american-investors-embrace-a-less-democratic-india-a8e60874?mod=finance_lead_pos2,Politics,2
"Gold Futures Hit Another Record on Geopolitical Tensions, Fed Hopes",2024-04-09 05:28,https://www.wsj.com/finance/commodities-futures/gold-futures-break-another-record-driven-by-perfect-storm-c65fed18?mod=finance_lead_pos3,Finance,3
BP Expects Profit Lift from Output Boost,2024-04-09 04:28,https://www.wsj.com/finance/commodities-futures/bp-expects-profit-boosted-by-higher-oil-gas-production-da6fa619?mod=finance_lead_pos4,Finance,3
HSBC to Sell Argentina Business in Latest Market Exit,2024-04-09 02:28,https://www.wsj.com/finance/hsbc-to-sell-argentina-business-for-550-0-million-c7386394?mod=finance_lead_pos5,Finance,0
Kyle MacLachlan Was Tricked Into Acting by Two Girls in a Junior-High Play,2024-04-09 11:28,https://www.wsj.com/real-estate/kyle-maclachlan-was-tricked-into-acting-by-two-girls-in-a-junior-high-play-1c3bdb7b?mod=real-estate_lead_story,Real-Estate,0
Four Paramount Directors to Step Down as Company Discusses Skydance Merger,2024-04-10 15:27,https://www.wsj.com/business/media/three-paramount-directors-to-step-down-as-company-discusses-skydance-merger-68c509e4?mod=business_lead_story,Business,0
Materials Supplier Ferguson Seeks Faster Path to Construction Market,2024-04-10 14:27,https://www.wsj.com/articles/materials-supplier-ferguson-seeks-faster-path-to-construction-market-995f8fe2?mod=business_lead_pos1,Articles,2
KPMG Fined Record $25 Million in Exam-Cheating Scandal,2024-04-10 14:27,https://www.wsj.com/articles/kpmg-fined-25-million-over-alleged-netherlands-exam-cheating-a4dcba2a?mod=business_lead_pos2,Articles,0
"DG Fuels, BP and Johnson Matthey Team Up to Produce Sustainable Aviation Fuel From Sugar Cane",2024-04-10 10:27,https://www.wsj.com/articles/big-hitters-team-up-to-produce-sustainable-aviation-fuel-out-of-sugar-cane-a57abcd8?mod=business_lead_pos3,Articles,3
Macy’s Adds Two Directors Backed by Investor to Its Board,2024-04-10 10:27,https://www.wsj.com/business/deals/macys-appoints-two-arkhouse-candidates-to-board-reaches-settlement-4f9dcd83?mod=business_lead_pos4,Business,2
She Was a Black Entrepreneur. Then She Decided to Help Other Black Entrepreneurs.,2024-04-10 10:27,https://www.wsj.com/business/entrepreneurship/black-entreprenuership-janice-malone-vivans-door-61c68f6d?mod=business_lead_pos5,Business,3
"MGM Grand Casino: Hacked by Criminals, Probed by the FTC",2024-04-09 00:00,https://www.wsj.com/articles/hacked-by-criminals-probed-by-the-ftc-cyberattack-mgm-resorts-khan-a2a51497?mod=business_trendingnow_opn_pos1,Articles,0
Saving Climate From the Greens,2024-04-09 00:00,https://www.wsj.com/articles/saving-climate-from-the-greens-renewable-energy-warming-nuclear-10262833?mod=business_trendingnow_opn_pos2,Articles,0
The SEC Pauses Its Climate Disclosure Rule,2024-04-09 00:00,https://www.wsj.com/articles/sec-backs-off-on-climate-disclosure-rule-law-regulations-a26d9fc7?mod=business_trendingnow_opn_pos3,Articles,0
NCAA Women Beat Men in Finals’ Ratings for First Time—but Got 99% Less TV Money,2024-04-09 00:00,https://www.wsj.com/business/media/the-womens-ncaa-tournament-outshone-the-mens-but-it-got-99-less-tv-money-74806707?mod=business_trendingnow_article_pos1,Business,0
EXCLUSIVEFour Paramount Directors to Step Down as Company Discusses Skydance Merger,2024-04-10 15:27,https://www.wsj.com/business/media/three-paramount-directors-to-step-down-as-company-discusses-skydance-merger-68c509e4?mod=business_trendingnow_article_pos2,Business,0
Inflation Report Derails Case for June Rate Cut,2024-04-10 16:27,https://www.wsj.com/economy/inflation-march-cpi-report-interest-rate-239b7e5e?mod=business_whatsnews_pos1,Economy,0
Israeli Airstrike Kills Three Sons of Hamas Political Leader,2024-04-10 18:27,https://www.wsj.com/world/middle-east/hamas-balks-at-u-s-gaza-cease-fire-plan-f892b5ba?mod=business_whatsnews_pos2,Politics,0
Speaker Johnson’s Woes Grow After GOP Holdouts Block Spying Bill,2024-04-10 19:27,https://www.wsj.com/politics/policy/kill-fisa-trump-creates-new-headache-for-speaker-johnson-over-spy-powers-vote-96ead8a8?mod=business_whatsnews_pos3,Politics,0
The Real Estate Nightmare in Downtown St. Louis,2024-04-09 21:27,https://www.wsj.com/real-estate/commercial/doom-loop-st-louis-44505465?mod=business_whatsnews_pos4,Real-Estate,0
Musk and Dimon’s AI Predictions and What They Mean for Humanity’s Future,2024-04-10 16:27,https://www.wsj.com/tech/ai/elon-musk-and-jamie-dimons-ai-predictions-and-what-they-mean-for-the-future-of-humanity-d100b0c8?mod=business_whatsnews_pos5,Business,2
Buy the Stock Market’s Inflation Freakouts,2024-04-10 18:27,https://www.wsj.com/finance/stocks/buy-the-stock-markets-inflation-freakouts-5c1e99de?mod=finance_lead_story,Finance,2
Germany Passed its First Chinese Test—This One Is Trickier,2024-04-10 08:27,https://www.wsj.com/economy/trade/germany-passed-its-first-chinese-testthis-one-is-trickier-740ae21b?mod=finance_lead_pos1,Economy,0
StraightPath Receiver Lays Out Investor Distribution Plan,2024-04-10 19:27,https://www.wsj.com/articles/straightpath-receiver-lays-out-investor-distribution-plan-63bf7e8a?mod=finance_lead_pos2,Articles,2
Inflation Surprise Rattles Markets,2024-04-10 17:27,https://www.wsj.com/finance/stocks/global-stocks-markets-dow-news-04-10-2024-a672a5bc?mod=finance_lead_pos3,Finance,0
Top Crypto Exchanges Look to Move Beyond Settlements With U.S. Regulators,2024-04-10 17:27,https://www.wsj.com/articles/top-crypto-exchanges-look-to-move-beyond-settlements-with-u-s-regulators-fddbeb29?mod=finance_lead_pos4,Articles,2
"U.S. Crude Oil Supplies Rise More Than Expected, Refinery Use Eases",2024-04-10 11:27,https://www.wsj.com/finance/commodities-futures/u-s-crude-oil-inventories-rise-more-than-expected-refinery-use-eases-14be060a?mod=finance_lead_pos5,Finance,2
The Billionaire Behind Trump’s $175 Million Bond Is No Stranger to Risky Deals,2024-04-10 16:27,https://www.wsj.com/real-estate/the-billionaire-behind-trumps-175-million-bond-is-no-stranger-to-risky-deals-484bbde4?mod=real-estate_lead_story,Real-Estate,2
An Alabama Oral Surgeon Designed His Nearly $5 Million Dream Mansion Using Home-Building Software,2024-04-10 15:27,https://www.wsj.com/real-estate/luxury-homes/an-alabama-oral-surgeon-designed-his-nearly-5-million-dream-mansion-using-home-building-software-051f80cb?mod=real-estate_lead_pos1,Real-Estate,2
The Real Estate Nightmare Unfolding in Downtown St. Louis,2024-04-09 21:27,https://www.wsj.com/real-estate/commercial/doom-loop-st-louis-44505465?mod=real-estate_lead_pos2,Real-Estate,0
Elon Musk Bromance With Argentine President Leads to First Meeting,2024-04-11 18:08,https://www.wsj.com/business/elon-musk-bromance-with-argentine-president-leads-to-first-meeting-d70204fe?mod=business_lead_story,Business,1
A Chip Fab Business Grows in Brooklyn,2024-04-11 17:08,https://www.wsj.com/articles/a-chip-fab-businessgrows-in-brooklyn-c5433a94?mod=business_lead_pos1,Articles,2
"Boeing Reveals Executives Got an Extra $500,000 in Private-Jet Perks",2024-04-11 16:08,https://www.wsj.com/business/boeing-finds-executives-got-an-extra-500-000-in-perks-from-private-jets-9bebe829?mod=business_lead_pos2,Business,0
"CarMax Gets Slammed by High Rates, Tight Used-Car Supply",2024-04-11 12:08,https://www.wsj.com/business/autos/carmax-gets-slammed-by-high-rates-tight-used-car-supply-6280d4cd?mod=business_lead_pos3,Business,0
Lufthansa Halts Tehran Flights After U.S. Warns of Imminent Attack on Israel by Iran,2024-04-11 11:08,https://www.wsj.com/business/lufthansa-halts-tehran-flights-amid-concerns-of-potential-iran-attacks-5b87cc43?mod=business_lead_pos4,Business,0
The Man in Charge of Getting the Baltimore Port Back in Business,2024-04-11 10:08,https://www.wsj.com/business/logistics/jonathan-daniels-francis-scott-key-bridge-port-operations-7246dc80?mod=business_lead_pos5,Business,2
Biden’s Green-Energy Price Shock,2024-04-11 00:00,https://www.wsj.com/articles/electricity-prices-biden-green-energy-labor-department-2b4ea2cb?mod=business_trendingnow_opn_pos1,Articles,0
The Podcast Host Who Also Manages a $1.6 Trillion Investment Fund,2024-04-11 00:00,https://www.wsj.com/business/the-podcast-host-who-also-manages-a-1-6-trillion-investment-fund-e7eef35f?mod=business_trendingnow_article_pos1,Business,2
Should You Buy a Hybrid Car? Here’s What You Need to Know,2024-04-11 08:08,https://www.wsj.com/lifestyle/cars/hybrid-car-is-it-worth-it-69adc329?mod=business_trendingnow_article_pos2,Articles,2
Amazon CEO Touts AI Revolution While Committing to Cost Cuts,2024-04-11 10:08,https://www.wsj.com/tech/ai/amazon-ceo-says-generative-ai-could-be-largest-technological-transformation-since-the-internet-da57c68f?mod=business_trendingnow_article_pos4,Business,2
Psychedelics Paid for by Work? It’s Coming,2024-04-11 16:08,https://www.wsj.com/health/wellness/will-your-health-benefits-cover-psychedelic-therapy-some-employers-say-yes-4bf810fe?mod=business_trendingnow_article_pos5,Health,2
Israel Wins Gaza Battles but Risks Losing the War,2024-04-11 23:08,https://www.wsj.com/world/middle-east/israel-wins-gaza-battles-but-risks-losing-the-war-c6a3823f?mod=business_whatsnews_pos1,Politics,0
Interest Rates Have Investors Worried. Profits Give Them Comfort.,2024-04-11 23:08,https://www.wsj.com/finance/interest-rates-have-investors-worried-profits-give-them-comfort-c4abb6cb?mod=business_whatsnews_pos2,Finance,2
Morgan Stanley’s Wealth Arm Probed by Multiple Federal Regulators,2024-04-11 16:08,https://www.wsj.com/finance/regulation/morgan-stanleys-wealth-arm-probed-by-multiple-federal-regulators-3d0dd46a?mod=business_whatsnews_pos3,Finance,0
Iranian Attack Expected on Israel in Next Two Days,2024-04-11 20:08,https://www.wsj.com/world/middle-east/iranian-attack-expected-on-israel-in-next-two-days-42b0537c?mod=business_whatsnews_pos4,Politics,0
Stay Put or Pay Up: Home Buyers Lose Hope for Lower Rates,2024-04-11 21:08,https://www.wsj.com/economy/housing/mortgage-rates-home-buyers-plans-changing-4b4b5a23?mod=business_whatsnews_pos5,Economy,0
Tech Stock Rebound Sends Nasdaq Composite to New Record,2024-04-11 17:08,https://www.wsj.com/finance/stocks/global-stocks-markets-dow-news-04-11-2024-3ae3c49b?mod=finance_lead_pos1,Finance,4
Banks Start Reporting Earnings This Week. Here’s What To Expect.,2024-04-11 06:08,https://www.wsj.com/finance/banking/bank-earnings-stocks-jpmorgan-goldman-citigroup-ed8936bd?mod=finance_lead_pos2,Finance,2
"Fed Rate Cuts Are Now a Matter of If, Not Just When",2024-04-11 16:08,https://www.wsj.com/economy/central-banking/fed-rate-cuts-are-now-a-matter-of-if-not-just-when-144a978e?mod=finance_lead_pos3,Economy,2
Mortgage Rates Near 7% Again,2024-04-11 13:08,https://www.wsj.com/economy/housing/mortgage-rates-near-7-again-cd1dfae0?mod=finance_lead_pos4,Economy,0
Expiring 2017 Trump Tax Cuts Create a Chance for Reform,2024-04-11 23:08,https://www.wsj.com/articles/expiring-trump-tax-cuts-create-a-chance-for-reform-2017-legislation-362f352e?mod=finance_trendingnow_opn_pos1,Articles,2
Let Americans Bank Again,2024-04-11 23:08,https://www.wsj.com/articles/let-americans-bank-again-42e2a002?mod=finance_trendingnow_opn_pos2,Articles,4
This $77 Million Aspen Ranch is Colorado’s Most Expensive Home—For Now,2024-04-11 17:08,https://www.wsj.com/real-estate/luxury-homes/this-77-million-aspen-ranch-is-colorados-most-expensive-homefor-now-5ccb5385?mod=real-estate_lead_story,Real-Estate,2
Late Designer Max Azria’s Massive Compound Is Heading to Auction,2024-04-11 13:08,https://www.wsj.com/real-estate/luxury-homes/late-designer-max-azrias-massive-compound-is-heading-to-auction-bddbbb20?mod=real-estate_lead_pos1,Real-Estate,2
The Party’s Over for Coachella’s Glitziest Rental Mansions,2024-04-11 00:00,https://www.wsj.com/real-estate/luxury-homes/the-partys-over-for-coachellas-glitziest-rental-mansions-322b3d75?mod=real-estate_lead_pos2,Real-Estate,0
Movie Theaters Have Weird Real Estate. It’s Saving Them.,2024-04-08 00:00,https://www.wsj.com/real-estate/commercial/movie-theaters-have-weird-real-estate-its-saving-them-8053335f?mod=real-estate_trendingnow_article_pos5,Real-Estate,2
